customer_id,full_name,email,address,city,country,created_at
cstm26-0001,Chloe Flores,chloe.flores@gmail.com,957 Maple Dr,New York,USA,2023-09-07 00:00:00
cstm26-0002,Joseph Roberts,joseph.roberts@gmail.com,510 Oak Ave,New York,USA,2022-11-22 00:00:00
cstm26-0003,Logan Carter,logan.carter@gmail.com,793 Queen Rd,Berlin,Germany,2024-10-08 00:00:00
cstm26-0004,Maria Taylor,maria.taylor@gmail.com,888 Main St,Chicago,USA,2024-06-30 00:00:00
cstm26-0005,Jack Thomas,jack.thomas@gmail.com,399 Main St,Berlin,Germany,2024-12-14 00:00:00
cstm26-0006,Henry Torres,henry.torres@gmail.com,93 King Blvd,São Paulo,Brazil,2022-11-27 00:00:00
cstm26-0007,Joseph Garcia,joseph.garcia@gmail.com,415 Oak Ave,São Paulo,Brazil,2022-07-28 00:00:00
cstm26-0008,Matthew Hill,matthew.hill@gmail.com,699 Main St,Los Angeles,USA,2024-11-03 00:00:00
cstm26-0009,Michael Allen,michael.allen@gmail.com,450 King Blvd,Vancouver,Canada,2024-03-12 00:00:00
cstm26-0010,Charlotte Turner,charlotte.turner@gmail.com,836 King Blvd,Berlin,Germany,2023-11-22 00:00:00
cstm26-0011,Victoria White,victoria.white@gmail.com,501 King Blvd,Chicago,USA,2022-12-25 00:00:00
cstm26-0012,Evelyn Thomas,evelyn.thomas@gmail.com,844 Main St,Houston,USA,2024-07-23 00:00:00
cstm26-0013,Penelope Martin,penelope.martin@gmail.com,248 Main St,Chicago,USA,2023-02-24 00:00:00
cstm26-0014,Chloe Moore,chloe.moore@gmail.com,387 Queen Rd,Paris,France,2024-02-14 00:00:00
cstm26-0015,Samuel Hill,samuel.hill@gmail.com,273 Main St,Chicago,USA,2022-03-23 00:00:00
cstm26-0016,Ethan Johnson,ethan.johnson@gmail.com,271 Queen Rd,Chicago,USA,2022-12-06 00:00:00
cstm26-0017,Elijah Brown,elijah.brown@gmail.com,842 Maple Dr,Los Angeles,USA,2022-11-11 00:00:00
cstm26-0018,Chloe Torres,chloe.torres@gmail.com,818 Queen Rd,Los Angeles,USA,2023-06-23 00:00:00
cstm26-0019,Noah Hall,noah.hall@gmail.com,475 King Blvd,Los Angeles,USA,2023-10-21 00:00:00
cstm26-0020,Noah Brown,noah.brown@gmail.com,747 Maple Dr,Mumbai,India,2024-07-12 00:00:00
cstm26-0021,Nora Green,nora.green@gmail.com,152 Queen Rd,Chicago,USA,2023-02-20 00:00:00
cstm26-0022,Zoey Hall,zoey.hall@gmail.com,892 Maple Dr,Vancouver,Canada,2022-01-24 00:00:00
cstm26-0023,Sebastian Adams,sebastian.adams@gmail.com,858 Queen Rd,Seoul,South Korea,2024-09-09 00:00:00
cstm26-0024,Emily Johnson,emily.johnson@gmail.com,691 Maple Dr,Mumbai,India,2024-11-03 00:00:00
cstm26-0025,Aiden Johnson,aiden.johnson@gmail.com,691 Maple Dr,Los Angeles,USA,2024-03-15 00:00:00
cstm26-0026,Henry Wilson,henry.wilson@gmail.com,134 Queen Rd,São Paulo,Brazil,2024-12-18 00:00:00
cstm26-0027,Owen Nguyen,owen.nguyen@gmail.com,638 Maple Dr,Tokyo,Japan,2022-01-27 00:00:00
cstm26-0028,Harper Flores,harper.flores@gmail.com,884 Main St,London,UK,2022-12-12 00:00:00
cstm26-0029,Lily Scott,lily.scott@gmail.com,173 Main St,London,UK,2022-02-17 00:00:00
cstm26-0030,Ava King,ava.king@gmail.com,295 King Blvd,Vancouver,Canada,2023-12-15 00:00:00
cstm26-0031,Ava Hill,ava.hill@gmail.com,3 Maple Dr,Houston,USA,2022-05-24 00:00:00
cstm26-0032,Samuel Walker,samuel.walker@gmail.com,650 King Blvd,Vancouver,Canada,2024-11-13 00:00:00
cstm26-0033,Owen Nelson,owen.nelson@gmail.com,443 Queen Rd,Dubai,UAE,2024-05-01 00:00:00
cstm26-0034,Lucas Scott,lucas.scott@gmail.com,257 King Blvd,Chicago,USA,2022-03-06 00:00:00
cstm26-0035,Victoria Thompson,victoria.thompson@gmail.com,937 Queen Rd,Mumbai,India,2024-07-23 00:00:00
cstm26-0036,Luna Wright,luna.wright@gmail.com,977 King Blvd,Berlin,Germany,2024-12-15 00:00:00
cstm26-0037,Zoey Perez,zoey.perez@gmail.com,913 Main St,Berlin,Germany,2024-10-06 00:00:00
cstm26-0038,James Wilson,james.wilson@gmail.com,180 Oak Ave,Vancouver,Canada,2023-09-18 00:00:00
cstm26-0039,Amelia Williams,amelia.williams@gmail.com,941 Queen Rd,Sydney,Australia,2023-08-05 00:00:00
cstm26-0040,Abigail Phillips,abigail.phillips@gmail.com,312 Queen Rd,Chicago,USA,2024-04-12 00:00:00
cstm26-0041,Mason Brown,mason.brown@gmail.com,360 Queen Rd,Dubai,UAE,2023-08-25 00:00:00
cstm26-0042,Mia Adams,mia.adams@gmail.com,217 Main St,Berlin,Germany,2024-09-11 00:00:00
cstm26-0043,Jackson Adams,jackson.adams@gmail.com,513 Oak Ave,Sydney,Australia,2022-12-29 00:00:00
cstm26-0044,Noah Williams,noah.williams@gmail.com,61 King Blvd,Vancouver,Canada,2024-06-30 00:00:00
cstm26-0045,Elijah King,elijah.king@gmail.com,361 Maple Dr,Seoul,South Korea,2024-04-08 00:00:00
cstm26-0046,Layla Jackson,layla.jackson@gmail.com,332 King Blvd,Seoul,South Korea,2024-12-18 00:00:00
cstm26-0047,Owen King,owen.king@gmail.com,125 Queen Rd,Toronto,Canada,2022-01-07 00:00:00
cstm26-0048,Ethan Scott,ethan.scott@gmail.com,730 Oak Ave,Toronto,Canada,2022-06-22 00:00:00
cstm26-0049,Oliver Baker,oliver.baker@gmail.com,874 Maple Dr,Seoul,South Korea,2022-06-03 00:00:00
cstm26-0050,Sebastian Taylor,sebastian.taylor@gmail.com,721 Maple Dr,Dubai,UAE,2022-03-14 00:00:00
cstm26-0051,Sebastian Davis,sebastian.davis@gmail.com,753 Main St,Paris,France,2022-06-17 00:00:00
cstm26-0052,Harper Green,harper.green@gmail.com,787 King Blvd,Chicago,USA,2022-11-14 00:00:00
cstm26-0053,Daniel Hill,daniel.hill@gmail.com,478 Main St,Sydney,Australia,2024-12-12 00:00:00
cstm26-0054,Charlotte Anderson,charlotte.anderson@gmail.com,995 Queen Rd,Paris,France,2023-12-17 00:00:00
cstm26-0055,Henry Brown,henry.brown@gmail.com,5 Oak Ave,New York,USA,2024-01-13 00:00:00
cstm26-0056,Emma Scott,emma.scott@gmail.com,963 Oak Ave,London,UK,2022-12-27 00:00:00
cstm26-0057,Mateo Wilson,mateo.wilson@gmail.com,623 King Blvd,Houston,USA,2023-05-13 00:00:00
cstm26-0058,Abigail Jackson,abigail.jackson@gmail.com,488 Main St,Sydney,Australia,2024-12-19 00:00:00
cstm26-0059,Mason Smith,mason.smith@gmail.com,111 Main St,Vancouver,Canada,2022-08-18 00:00:00
cstm26-0060,Aiden Nelson,aiden.nelson@gmail.com,244 Main St,Berlin,Germany,2023-01-20 00:00:00
cstm26-0061,Sebastian Jackson,sebastian.jackson@gmail.com,225 King Blvd,Vancouver,Canada,2024-05-22 00:00:00
cstm26-0062,Mia Allen,mia.allen@gmail.com,28 Main St,Mumbai,India,2022-06-29 00:00:00
cstm26-0063,Evelyn Roberts,evelyn.roberts@gmail.com,135 Main St,Dubai,UAE,2024-01-11 00:00:00
cstm26-0064,Owen Anderson,owen.anderson@gmail.com,217 Queen Rd,New York,USA,2022-02-09 00:00:00
cstm26-0065,Nora Wilson,nora.wilson@gmail.com,928 Maple Dr,Dubai,UAE,2022-01-30 00:00:00
cstm26-0066,Lily Torres,lily.torres@gmail.com,248 Oak Ave,Paris,France,2024-03-29 00:00:00
cstm26-0067,David Anderson,david.anderson@gmail.com,260 Queen Rd,Seoul,South Korea,2024-07-02 00:00:00
cstm26-0068,Mila Hall,mila.hall@gmail.com,604 Main St,São Paulo,Brazil,2023-06-04 00:00:00
cstm26-0069,Penelope Nelson,penelope.nelson@gmail.com,607 Oak Ave,Vancouver,Canada,2024-03-28 00:00:00
cstm26-0070,Harper Walker,harper.walker@gmail.com,229 Main St,Paris,France,2023-08-24 00:00:00
cstm26-0071,Mason Brown,mason.brown1@gmail.com,263 Queen Rd,Sydney,Australia,2024-09-09 00:00:00
cstm26-0072,Harper Scott,harper.scott@gmail.com,172 Maple Dr,New York,USA,2022-11-06 00:00:00
cstm26-0073,James Perez,james.perez@gmail.com,217 Maple Dr,Chicago,USA,2023-05-30 00:00:00
cstm26-0074,Mason Moore,mason.moore@gmail.com,560 Queen Rd,Sydney,Australia,2024-04-29 00:00:00
cstm26-0075,Oliver Flores,oliver.flores@gmail.com,190 Main St,Sydney,Australia,2022-01-26 00:00:00
cstm26-0076,Sofia Smith,sofia.smith@gmail.com,923 King Blvd,Chicago,USA,2023-03-11 00:00:00
cstm26-0077,Victoria Mitchell,victoria.mitchell@gmail.com,726 Oak Ave,Tokyo,Japan,2023-03-10 00:00:00
cstm26-0078,Noah Hill,noah.hill@gmail.com,537 King Blvd,New York,USA,2024-02-13 00:00:00
cstm26-0079,Emma Hill,emma.hill@gmail.com,637 Maple Dr,Houston,USA,2023-04-26 00:00:00
cstm26-0080,Matthew Jones,matthew.jones@gmail.com,253 Maple Dr,Berlin,Germany,2024-09-20 00:00:00
cstm26-0081,Emma Adams,emma.adams@gmail.com,607 Queen Rd,Los Angeles,USA,2022-02-17 00:00:00
cstm26-0082,Noah Jones,noah.jones@gmail.com,7 Maple Dr,Toronto,Canada,2024-07-12 00:00:00
cstm26-0083,Lily Martin,lily.martin@gmail.com,410 Main St,Seoul,South Korea,2024-06-20 00:00:00
cstm26-0084,Mila Lee,mila.lee@gmail.com,632 Oak Ave,Toronto,Canada,2022-10-26 00:00:00
cstm26-0085,Noah Brown,noah.brown1@gmail.com,219 King Blvd,Vancouver,Canada,2024-01-06 00:00:00
cstm26-0086,Nora Turner,nora.turner@gmail.com,222 Queen Rd,Houston,USA,2022-11-16 00:00:00
cstm26-0087,Elizabeth Brown,elizabeth.brown@gmail.com,802 Queen Rd,Tokyo,Japan,2024-03-07 00:00:00
cstm26-0088,Zoey Jones,zoey.jones@gmail.com,545 Oak Ave,Berlin,Germany,2023-02-19 00:00:00
cstm26-0089,Mateo Walker,mateo.walker@gmail.com,783 Maple Dr,Sydney,Australia,2022-12-26 00:00:00
cstm26-0090,Mila Thomas,mila.thomas@gmail.com,451 Queen Rd,New York,USA,2022-06-08 00:00:00
cstm26-0091,Carter Wright,carter.wright@gmail.com,341 Maple Dr,Chicago,USA,2024-07-28 00:00:00
cstm26-0092,Maria Walker,maria.walker@gmail.com,353 Main St,Seoul,South Korea,2024-07-19 00:00:00
cstm26-0093,Michael Jones,michael.jones@gmail.com,702 Queen Rd,Tokyo,Japan,2024-01-29 00:00:00
cstm26-0094,Scarlett Anderson,scarlett.anderson@gmail.com,591 Main St,Los Angeles,USA,2024-10-25 00:00:00
cstm26-0095,Abigail Harris,abigail.harris@gmail.com,596 Queen Rd,Mumbai,India,2022-03-09 00:00:00
cstm26-0096,Isabella Phillips,isabella.phillips@gmail.com,191 Oak Ave,Houston,USA,2023-05-13 00:00:00
cstm26-0097,Elizabeth Hill,elizabeth.hill@gmail.com,384 King Blvd,Seoul,South Korea,2024-03-28 00:00:00
cstm26-0098,Owen Perez,owen.perez@gmail.com,749 King Blvd,Chicago,USA,2024-08-17 00:00:00
cstm26-0099,Lily Torres,lily.torres1@gmail.com,280 Main St,Los Angeles,USA,2024-10-29 00:00:00
cstm26-0100,Penelope Moore,penelope.moore@gmail.com,476 Main St,Tokyo,Japan,2024-05-08 00:00:00
cstm26-0101,Alexander Thompson,alexander.thompson@gmail.com,467 King Blvd,New York,USA,2022-11-25 00:00:00
cstm26-0102,Alexander Nelson,alexander.nelson@gmail.com,927 Queen Rd,Paris,France,2023-04-10 00:00:00
cstm26-0103,Emily Carter,emily.carter@gmail.com,865 Oak Ave,Tokyo,Japan,2023-04-21 00:00:00
cstm26-0104,Daniel Perez,daniel.perez@gmail.com,984 Main St,Berlin,Germany,2022-05-25 00:00:00
cstm26-0105,Lily Green,lily.green@gmail.com,298 Oak Ave,São Paulo,Brazil,2023-12-04 00:00:00
cstm26-0106,Lucas Lee,lucas.lee@gmail.com,396 Queen Rd,Berlin,Germany,2023-07-09 00:00:00
cstm26-0107,Abigail Mitchell,abigail.mitchell@gmail.com,405 Main St,Seoul,South Korea,2024-09-27 00:00:00
cstm26-0108,James Torres,james.torres@gmail.com,454 Oak Ave,Seoul,South Korea,2023-02-12 00:00:00
cstm26-0109,Mason Turner,mason.turner@gmail.com,627 Oak Ave,Vancouver,Canada,2024-02-22 00:00:00
cstm26-0110,Jackson Taylor,jackson.taylor@gmail.com,188 Maple Dr,Vancouver,Canada,2024-08-10 00:00:00
cstm26-0111,James King,james.king@gmail.com,250 Main St,Toronto,Canada,2023-11-14 00:00:00
cstm26-0112,Henry Young,henry.young@gmail.com,15 Main St,São Paulo,Brazil,2023-05-03 00:00:00
cstm26-0113,Lily Hill,lily.hill@gmail.com,14 Maple Dr,Vancouver,Canada,2024-05-28 00:00:00
cstm26-0114,Sebastian Jones,sebastian.jones@gmail.com,631 Main St,Mumbai,India,2023-04-15 00:00:00
cstm26-0115,Samuel Nelson,samuel.nelson@gmail.com,433 Maple Dr,Vancouver,Canada,2024-06-01 00:00:00
cstm26-0116,Noah Mitchell,noah.mitchell@gmail.com,217 Maple Dr,Tokyo,Japan,2023-01-05 00:00:00
cstm26-0117,Amelia Allen,amelia.allen@gmail.com,81 Maple Dr,Vancouver,Canada,2024-08-29 00:00:00
cstm26-0118,Liam Young,liam.young@gmail.com,327 Oak Ave,São Paulo,Brazil,2023-03-29 00:00:00
cstm26-0119,Luna Brown,luna.brown@gmail.com,166 Maple Dr,Paris,France,2022-01-10 00:00:00
cstm26-0120,Matthew Smith,matthew.smith@gmail.com,88 King Blvd,Tokyo,Japan,2023-05-18 00:00:00
cstm26-0121,Riley Williams,riley.williams@gmail.com,939 King Blvd,Mumbai,India,2024-07-11 00:00:00
cstm26-0122,Jack Johnson,jack.johnson@gmail.com,193 Queen Rd,Sydney,Australia,2023-07-09 00:00:00
cstm26-0123,Mila Turner,mila.turner@gmail.com,578 King Blvd,Dubai,UAE,2023-02-06 00:00:00
cstm26-0124,Jack Johnson,jack.johnson1@gmail.com,543 Queen Rd,Chicago,USA,2024-08-06 00:00:00
cstm26-0125,Ella Walker,ella.walker@gmail.com,363 Queen Rd,Chicago,USA,2023-12-29 00:00:00
cstm26-0126,Sebastian Garcia,sebastian.garcia@gmail.com,575 Queen Rd,Berlin,Germany,2024-07-23 00:00:00
cstm26-0127,Mia Baker,mia.baker@gmail.com,355 Maple Dr,Chicago,USA,2022-03-21 00:00:00
cstm26-0128,Oliver Walker,oliver.walker@gmail.com,32 Main St,Tokyo,Japan,2024-05-01 00:00:00
cstm26-0129,Logan Young,logan.young@gmail.com,177 Queen Rd,Los Angeles,USA,2023-01-16 00:00:00
cstm26-0130,Noah Smith,noah.smith@gmail.com,363 Maple Dr,Los Angeles,USA,2024-01-23 00:00:00
cstm26-0131,Elizabeth Smith,elizabeth.smith@gmail.com,627 Queen Rd,São Paulo,Brazil,2022-04-29 00:00:00
cstm26-0132,Lucas Roberts,lucas.roberts@gmail.com,740 Oak Ave,London,UK,2022-02-25 00:00:00
cstm26-0133,Aiden Walker,aiden.walker@gmail.com,352 Maple Dr,Toronto,Canada,2022-01-23 00:00:00
cstm26-0134,Chloe Johnson,chloe.johnson@gmail.com,880 King Blvd,Vancouver,Canada,2023-11-25 00:00:00
cstm26-0135,Alexander Phillips,alexander.phillips@gmail.com,313 Main St,Mumbai,India,2023-09-29 00:00:00
cstm26-0136,Elijah Young,elijah.young@gmail.com,497 Maple Dr,Seoul,South Korea,2022-09-08 00:00:00
cstm26-0137,Mason Nelson,mason.nelson@gmail.com,363 King Blvd,Berlin,Germany,2022-03-01 00:00:00
cstm26-0138,Maria Green,maria.green@gmail.com,885 Main St,Mumbai,India,2023-10-12 00:00:00
cstm26-0139,Luna Garcia,luna.garcia@gmail.com,121 Maple Dr,Houston,USA,2024-06-19 00:00:00
cstm26-0140,Mia Scott,mia.scott@gmail.com,752 Maple Dr,Los Angeles,USA,2023-08-08 00:00:00
cstm26-0141,James Williams,james.williams@gmail.com,990 Maple Dr,Toronto,Canada,2023-02-26 00:00:00
cstm26-0142,Riley Flores,riley.flores@gmail.com,510 King Blvd,Houston,USA,2022-07-11 00:00:00
cstm26-0143,Amelia Mitchell,amelia.mitchell@gmail.com,861 Oak Ave,Tokyo,Japan,2023-09-07 00:00:00
cstm26-0144,Lucas Carter,lucas.carter@gmail.com,494 Maple Dr,Seoul,South Korea,2022-09-16 00:00:00
cstm26-0145,James Smith,james.smith@gmail.com,376 Oak Ave,Chicago,USA,2024-08-12 00:00:00
cstm26-0146,Matthew Hall,matthew.hall@gmail.com,271 King Blvd,Tokyo,Japan,2023-10-16 00:00:00
cstm26-0147,Charlotte Anderson,charlotte.anderson1@gmail.com,955 King Blvd,Mumbai,India,2024-12-24 00:00:00
cstm26-0148,Ava Garcia,ava.garcia@gmail.com,231 Oak Ave,Paris,France,2024-07-02 00:00:00
cstm26-0149,Mila Allen,mila.allen@gmail.com,209 Queen Rd,Toronto,Canada,2024-01-28 00:00:00
cstm26-0150,Logan Harris,logan.harris@gmail.com,373 Queen Rd,Paris,France,2023-05-24 00:00:00
cstm26-0151,David Turner,david.turner@gmail.com,91 Queen Rd,Paris,France,2024-01-21 00:00:00
cstm26-0152,Elijah Young,elijah.young1@gmail.com,577 Queen Rd,Tokyo,Japan,2023-09-26 00:00:00
cstm26-0153,Luna Walker,luna.walker@gmail.com,279 Queen Rd,New York,USA,2023-02-15 00:00:00
cstm26-0154,Mia Adams,mia.adams1@gmail.com,960 Maple Dr,Sydney,Australia,2022-06-03 00:00:00
cstm26-0155,Penelope Wright,penelope.wright@gmail.com,625 King Blvd,Berlin,Germany,2022-08-15 00:00:00
cstm26-0156,Ethan Wright,ethan.wright@gmail.com,890 Main St,Toronto,Canada,2024-01-01 00:00:00
cstm26-0157,Mia Moore,mia.moore@gmail.com,312 King Blvd,Sydney,Australia,2023-09-21 00:00:00
cstm26-0158,Mason Young,mason.young@gmail.com,799 Maple Dr,Toronto,Canada,2024-07-14 00:00:00
cstm26-0159,Maria Adams,maria.adams@gmail.com,371 Main St,Toronto,Canada,2022-05-24 00:00:00
cstm26-0160,Penelope Nelson,penelope.nelson1@gmail.com,92 Queen Rd,Tokyo,Japan,2024-01-23 00:00:00
cstm26-0161,Lily Perez,lily.perez@gmail.com,337 Oak Ave,São Paulo,Brazil,2024-09-20 00:00:00
cstm26-0162,Chloe Young,chloe.young@gmail.com,421 King Blvd,Dubai,UAE,2022-07-10 00:00:00
cstm26-0163,Elizabeth Lee,elizabeth.lee@gmail.com,616 King Blvd,Tokyo,Japan,2022-12-16 00:00:00
cstm26-0164,Alexander Brown,alexander.brown@gmail.com,615 Main St,Vancouver,Canada,2023-03-22 00:00:00
cstm26-0165,Elijah Anderson,elijah.anderson@gmail.com,177 Oak Ave,Vancouver,Canada,2023-01-17 00:00:00
cstm26-0166,Ella Baker,ella.baker@gmail.com,779 King Blvd,Houston,USA,2023-05-04 00:00:00
cstm26-0167,Jackson Baker,jackson.baker@gmail.com,690 Main St,Toronto,Canada,2023-07-11 00:00:00
cstm26-0168,Owen Nelson,owen.nelson1@gmail.com,216 Main St,Chicago,USA,2022-05-08 00:00:00
cstm26-0169,Chloe Scott,chloe.scott@gmail.com,667 King Blvd,Tokyo,Japan,2022-02-20 00:00:00
cstm26-0170,Mila Young,mila.young@gmail.com,555 Queen Rd,Paris,France,2022-12-13 00:00:00
cstm26-0171,Lily Thompson,lily.thompson@gmail.com,337 King Blvd,Chicago,USA,2023-07-08 00:00:00
cstm26-0172,Luna Nelson,luna.nelson@gmail.com,76 Maple Dr,Los Angeles,USA,2024-12-28 00:00:00
cstm26-0173,Luna Nelson,luna.nelson1@gmail.com,999 Maple Dr,Paris,France,2024-12-27 00:00:00
cstm26-0174,Jack Nguyen,jack.nguyen@gmail.com,886 King Blvd,Los Angeles,USA,2022-04-18 00:00:00
cstm26-0175,James Adams,james.adams@gmail.com,437 Oak Ave,London,UK,2024-07-07 00:00:00
cstm26-0176,Luna Lee,luna.lee@gmail.com,611 Queen Rd,Berlin,Germany,2024-08-05 00:00:00
cstm26-0177,Abigail Baker,abigail.baker@gmail.com,879 Maple Dr,Tokyo,Japan,2022-04-20 00:00:00
cstm26-0178,Alexander Torres,alexander.torres@gmail.com,693 King Blvd,Dubai,UAE,2022-10-24 00:00:00
cstm26-0179,James Thomas,james.thomas@gmail.com,464 King Blvd,Mumbai,India,2024-09-17 00:00:00
cstm26-0180,Lucas Williams,lucas.williams@gmail.com,822 Oak Ave,Los Angeles,USA,2023-04-11 00:00:00
cstm26-0181,Chloe Hill,chloe.hill@gmail.com,376 Oak Ave,Berlin,Germany,2024-05-09 00:00:00
cstm26-0182,Jackson Nguyen,jackson.nguyen@gmail.com,503 Oak Ave,Chicago,USA,2023-02-12 00:00:00
cstm26-0183,Sebastian Moore,sebastian.moore@gmail.com,966 Oak Ave,Sydney,Australia,2024-04-04 00:00:00
cstm26-0184,Aiden White,aiden.white@gmail.com,904 King Blvd,Chicago,USA,2022-07-14 00:00:00
cstm26-0185,Daniel Hill,daniel.hill1@gmail.com,748 Main St,Sydney,Australia,2022-05-07 00:00:00
cstm26-0186,Henry Jackson,henry.jackson@gmail.com,360 King Blvd,Toronto,Canada,2022-06-10 00:00:00
cstm26-0187,Evelyn Young,evelyn.young@gmail.com,692 Queen Rd,Houston,USA,2023-07-11 00:00:00
cstm26-0188,Elizabeth Wright,elizabeth.wright@gmail.com,240 Queen Rd,Tokyo,Japan,2022-07-31 00:00:00
cstm26-0189,Matthew Taylor,matthew.taylor@gmail.com,101 Maple Dr,Tokyo,Japan,2023-10-09 00:00:00
cstm26-0190,Noah Anderson,noah.anderson@gmail.com,842 Main St,New York,USA,2022-10-28 00:00:00
cstm26-0191,Penelope Young,penelope.young@gmail.com,643 Oak Ave,Vancouver,Canada,2022-09-20 00:00:00
cstm26-0192,Mila Hall,mila.hall1@gmail.com,43 Queen Rd,Dubai,UAE,2022-11-09 00:00:00
cstm26-0193,Riley Brown,riley.brown@gmail.com,557 Oak Ave,Dubai,UAE,2022-06-03 00:00:00
cstm26-0194,Chloe Torres,chloe.torres1@gmail.com,626 King Blvd,Houston,USA,2022-06-10 00:00:00
cstm26-0195,Lily Hill,lily.hill1@gmail.com,793 Maple Dr,São Paulo,Brazil,2023-05-21 00:00:00
cstm26-0196,Ava Lee,ava.lee@gmail.com,505 King Blvd,New York,USA,2024-01-03 00:00:00
cstm26-0197,Ethan Martin,ethan.martin@gmail.com,598 Queen Rd,Sydney,Australia,2022-01-27 00:00:00
cstm26-0198,Mia Allen,mia.allen1@gmail.com,52 Main St,Los Angeles,USA,2024-07-05 00:00:00
cstm26-0199,Mateo Jackson,mateo.jackson@gmail.com,57 Maple Dr,Vancouver,Canada,2022-03-25 00:00:00
cstm26-0200,Mason Johnson,mason.johnson@gmail.com,567 Oak Ave,Toronto,Canada,2022-08-02 00:00:00
cstm26-0201,Mason Allen,mason.allen@gmail.com,884 Main St,Tokyo,Japan,2023-12-16 00:00:00
cstm26-0202,Evelyn Nelson,evelyn.nelson@gmail.com,189 Oak Ave,Paris,France,2022-08-10 00:00:00
cstm26-0203,Maria Nguyen,maria.nguyen@gmail.com,452 Maple Dr,Houston,USA,2024-07-28 00:00:00
cstm26-0204,James Torres,james.torres1@gmail.com,863 Main St,Dubai,UAE,2024-04-13 00:00:00
cstm26-0205,Abigail Martin,abigail.martin@gmail.com,651 Queen Rd,Dubai,UAE,2024-12-22 00:00:00
cstm26-0206,Abigail Roberts,abigail.roberts@gmail.com,814 Maple Dr,Vancouver,Canada,2022-02-18 00:00:00
cstm26-0207,Sofia Taylor,sofia.taylor@gmail.com,75 Maple Dr,Los Angeles,USA,2024-07-31 00:00:00
cstm26-0208,Lucas Young,lucas.young@gmail.com,295 Oak Ave,Toronto,Canada,2024-01-25 00:00:00
cstm26-0209,Oliver Roberts,oliver.roberts@gmail.com,816 Main St,Toronto,Canada,2022-09-23 00:00:00
cstm26-0210,Isabella Brown,isabella.brown@gmail.com,927 Main St,Seoul,South Korea,2024-03-22 00:00:00
cstm26-0211,Daniel Lee,daniel.lee@gmail.com,308 Oak Ave,Paris,France,2024-09-07 00:00:00
cstm26-0212,Oliver Young,oliver.young@gmail.com,553 King Blvd,Chicago,USA,2023-10-18 00:00:00
cstm26-0213,Victoria Adams,victoria.adams@gmail.com,247 Maple Dr,Chicago,USA,2024-08-25 00:00:00
cstm26-0214,Noah Taylor,noah.taylor@gmail.com,554 Queen Rd,Chicago,USA,2022-12-22 00:00:00
cstm26-0215,Ethan Baker,ethan.baker@gmail.com,406 Queen Rd,Berlin,Germany,2024-12-21 00:00:00
cstm26-0216,Ella Wright,ella.wright@gmail.com,135 Main St,Chicago,USA,2022-02-09 00:00:00
cstm26-0217,Mia Carter,mia.carter@gmail.com,866 Main St,Tokyo,Japan,2023-05-24 00:00:00
cstm26-0218,Riley Lee,riley.lee@gmail.com,738 King Blvd,Toronto,Canada,2023-08-10 00:00:00
cstm26-0219,Mason Harris,mason.harris@gmail.com,492 King Blvd,Los Angeles,USA,2022-12-10 00:00:00
cstm26-0220,Mila Scott,mila.scott@gmail.com,609 Oak Ave,Houston,USA,2023-04-22 00:00:00
cstm26-0221,Liam Perez,liam.perez@gmail.com,682 Maple Dr,Seoul,South Korea,2022-10-06 00:00:00
cstm26-0222,James Jackson,james.jackson@gmail.com,562 Oak Ave,Chicago,USA,2024-07-01 00:00:00
cstm26-0223,Nora Baker,nora.baker@gmail.com,916 Maple Dr,Sydney,Australia,2022-08-11 00:00:00
cstm26-0224,Evelyn Moore,evelyn.moore@gmail.com,140 Oak Ave,Sydney,Australia,2023-06-10 00:00:00
cstm26-0225,Mia Carter,mia.carter1@gmail.com,846 Oak Ave,Berlin,Germany,2024-12-28 00:00:00
cstm26-0226,Lucas Smith,lucas.smith@gmail.com,326 Main St,Mumbai,India,2023-02-25 00:00:00
cstm26-0227,Michael Jones,michael.jones1@gmail.com,376 King Blvd,Tokyo,Japan,2024-07-14 00:00:00
cstm26-0228,Mia Garcia,mia.garcia@gmail.com,373 Main St,Paris,France,2023-07-27 00:00:00
cstm26-0229,Maria Garcia,maria.garcia@gmail.com,758 Oak Ave,Seoul,South Korea,2023-07-17 00:00:00
cstm26-0230,Michael Torres,michael.torres@gmail.com,74 Queen Rd,Seoul,South Korea,2023-11-28 00:00:00
cstm26-0231,Riley Williams,riley.williams1@gmail.com,227 Queen Rd,New York,USA,2022-05-29 00:00:00
cstm26-0232,Jack Scott,jack.scott@gmail.com,152 Queen Rd,Berlin,Germany,2022-04-25 00:00:00
cstm26-0233,Oliver Lee,oliver.lee@gmail.com,392 Queen Rd,Mumbai,India,2024-11-04 00:00:00
cstm26-0234,Elizabeth Moore,elizabeth.moore@gmail.com,177 Queen Rd,New York,USA,2022-03-13 00:00:00
cstm26-0235,Jackson Scott,jackson.scott@gmail.com,138 Maple Dr,Mumbai,India,2024-09-14 00:00:00
cstm26-0236,Sebastian Wright,sebastian.wright@gmail.com,114 Main St,Berlin,Germany,2023-09-26 00:00:00
cstm26-0237,Noah Brown,noah.brown2@gmail.com,200 Maple Dr,London,UK,2022-06-10 00:00:00
cstm26-0238,Amelia Walker,amelia.walker@gmail.com,939 Oak Ave,Houston,USA,2024-06-07 00:00:00
cstm26-0239,Penelope Nelson,penelope.nelson2@gmail.com,757 Main St,Houston,USA,2023-01-27 00:00:00
cstm26-0240,Oliver Garcia,oliver.garcia@gmail.com,535 Maple Dr,Berlin,Germany,2022-07-29 00:00:00
cstm26-0241,Logan Roberts,logan.roberts@gmail.com,273 Maple Dr,Mumbai,India,2024-06-22 00:00:00
cstm26-0242,Elizabeth Carter,elizabeth.carter@gmail.com,316 Main St,Chicago,USA,2022-07-28 00:00:00
cstm26-0243,Elizabeth Flores,elizabeth.flores@gmail.com,710 King Blvd,Mumbai,India,2024-03-01 00:00:00
cstm26-0244,Jack Nelson,jack.nelson@gmail.com,663 Queen Rd,London,UK,2024-06-20 00:00:00
cstm26-0245,Joseph Jones,joseph.jones@gmail.com,832 Oak Ave,Vancouver,Canada,2022-05-06 00:00:00
cstm26-0246,Sebastian Thompson,sebastian.thompson@gmail.com,408 King Blvd,Toronto,Canada,2024-10-12 00:00:00
cstm26-0247,Oliver Martin,oliver.martin@gmail.com,857 Main St,Chicago,USA,2023-11-12 00:00:00
cstm26-0248,Alexander Thomas,alexander.thomas@gmail.com,414 Queen Rd,Paris,France,2022-07-15 00:00:00
cstm26-0249,Evelyn Adams,evelyn.adams@gmail.com,201 Main St,Toronto,Canada,2022-05-26 00:00:00
cstm26-0250,Riley Johnson,riley.johnson@gmail.com,962 King Blvd,Los Angeles,USA,2024-05-28 00:00:00
cstm26-0251,Abigail Davis,abigail.davis@gmail.com,947 Queen Rd,London,UK,2024-11-06 00:00:00
cstm26-0252,Penelope Thompson,penelope.thompson@gmail.com,468 Oak Ave,Sydney,Australia,2022-04-17 00:00:00
cstm26-0253,Penelope Young,penelope.young1@gmail.com,219 Main St,Toronto,Canada,2024-06-28 00:00:00
cstm26-0254,Joseph Nelson,joseph.nelson@gmail.com,268 Main St,Seoul,South Korea,2024-08-16 00:00:00
cstm26-0255,Emily Allen,emily.allen@gmail.com,439 Oak Ave,São Paulo,Brazil,2023-10-10 00:00:00
cstm26-0256,Carter Scott,carter.scott@gmail.com,958 Oak Ave,New York,USA,2023-10-02 00:00:00
cstm26-0257,Logan Harris,logan.harris1@gmail.com,817 King Blvd,London,UK,2022-08-07 00:00:00
cstm26-0258,Ella Martin,ella.martin@gmail.com,928 Queen Rd,Dubai,UAE,2024-01-27 00:00:00
cstm26-0259,Aiden Baker,aiden.baker@gmail.com,19 Maple Dr,Paris,France,2024-12-14 00:00:00
cstm26-0260,Charlotte Thomas,charlotte.thomas@gmail.com,135 Maple Dr,Houston,USA,2022-01-18 00:00:00
cstm26-0261,Charlotte Torres,charlotte.torres@gmail.com,116 Oak Ave,New York,USA,2023-05-08 00:00:00
cstm26-0262,Samuel Scott,samuel.scott@gmail.com,442 Oak Ave,Mumbai,India,2024-04-02 00:00:00
cstm26-0263,Riley Davis,riley.davis@gmail.com,275 Main St,Chicago,USA,2023-10-01 00:00:00
cstm26-0264,Sebastian Hall,sebastian.hall@gmail.com,408 King Blvd,New York,USA,2024-06-14 00:00:00
cstm26-0265,Charlotte Roberts,charlotte.roberts@gmail.com,745 Queen Rd,Mumbai,India,2023-09-02 00:00:00
cstm26-0266,Victoria Torres,victoria.torres@gmail.com,738 Main St,Los Angeles,USA,2022-05-25 00:00:00
cstm26-0267,Abigail Moore,abigail.moore@gmail.com,487 Queen Rd,Paris,France,2022-10-29 00:00:00
cstm26-0268,James Thomas,james.thomas1@gmail.com,639 Queen Rd,London,UK,2023-04-10 00:00:00
cstm26-0269,Aiden Lee,aiden.lee@gmail.com,587 Maple Dr,Los Angeles,USA,2023-12-07 00:00:00
cstm26-0270,Aiden Walker,aiden.walker1@gmail.com,63 Oak Ave,Tokyo,Japan,2024-08-09 00:00:00
cstm26-0271,Sofia Williams,sofia.williams@gmail.com,665 Oak Ave,São Paulo,Brazil,2023-10-27 00:00:00
cstm26-0272,Lucas Wright,lucas.wright@gmail.com,723 Maple Dr,Sydney,Australia,2022-01-09 00:00:00
cstm26-0273,Liam King,liam.king@gmail.com,520 Oak Ave,Toronto,Canada,2022-01-24 00:00:00
cstm26-0274,Mia White,mia.white@gmail.com,753 Maple Dr,Los Angeles,USA,2023-07-28 00:00:00
cstm26-0275,Ella Perez,ella.perez@gmail.com,279 Maple Dr,Seoul,South Korea,2023-04-16 00:00:00
cstm26-0276,Mason Allen,mason.allen1@gmail.com,90 King Blvd,Los Angeles,USA,2024-06-08 00:00:00
cstm26-0277,Mila Phillips,mila.phillips@gmail.com,848 Oak Ave,Chicago,USA,2022-12-07 00:00:00
cstm26-0278,Isabella Flores,isabella.flores@gmail.com,258 Oak Ave,Los Angeles,USA,2022-06-03 00:00:00
cstm26-0279,Abigail Nelson,abigail.nelson@gmail.com,242 Queen Rd,New York,USA,2022-09-22 00:00:00
cstm26-0280,Abigail Carter,abigail.carter@gmail.com,503 King Blvd,Los Angeles,USA,2022-03-22 00:00:00
cstm26-0281,Aiden Thompson,aiden.thompson@gmail.com,503 Maple Dr,Dubai,UAE,2024-12-29 00:00:00
cstm26-0282,Owen Carter,owen.carter@gmail.com,757 Maple Dr,Los Angeles,USA,2022-02-10 00:00:00
cstm26-0283,Liam Hall,liam.hall@gmail.com,943 Maple Dr,Sydney,Australia,2023-08-20 00:00:00
cstm26-0284,Scarlett Thomas,scarlett.thomas@gmail.com,657 Oak Ave,São Paulo,Brazil,2024-09-02 00:00:00
cstm26-0285,Oliver Hill,oliver.hill@gmail.com,141 Maple Dr,Berlin,Germany,2023-02-10 00:00:00
cstm26-0286,Jack Wilson,jack.wilson@gmail.com,115 Maple Dr,Toronto,Canada,2022-11-05 00:00:00
cstm26-0287,Penelope Flores,penelope.flores@gmail.com,488 Maple Dr,Tokyo,Japan,2024-06-05 00:00:00
cstm26-0288,Lucas Jones,lucas.jones@gmail.com,674 Queen Rd,Paris,France,2023-12-10 00:00:00
cstm26-0289,Carter Brown,carter.brown@gmail.com,432 Maple Dr,Houston,USA,2022-03-23 00:00:00
cstm26-0290,Liam Green,liam.green@gmail.com,900 Main St,Los Angeles,USA,2024-07-04 00:00:00
cstm26-0291,Alexander Phillips,alexander.phillips1@gmail.com,85 Main St,Seoul,South Korea,2024-06-27 00:00:00
cstm26-0292,Jackson Scott,jackson.scott1@gmail.com,413 Queen Rd,São Paulo,Brazil,2024-10-20 00:00:00
cstm26-0293,Logan Thompson,logan.thompson@gmail.com,426 Queen Rd,Dubai,UAE,2022-05-15 00:00:00
cstm26-0294,Abigail White,abigail.white@gmail.com,432 Queen Rd,London,UK,2022-06-12 00:00:00
cstm26-0295,Lily Walker,lily.walker@gmail.com,897 Maple Dr,Seoul,South Korea,2022-03-20 00:00:00
cstm26-0296,Ava Nguyen,ava.nguyen@gmail.com,28 Queen Rd,Mumbai,India,2024-09-16 00:00:00
cstm26-0297,Emma Phillips,emma.phillips@gmail.com,417 Oak Ave,Tokyo,Japan,2022-07-27 00:00:00
cstm26-0298,Owen Anderson,owen.anderson1@gmail.com,588 Queen Rd,Vancouver,Canada,2023-11-12 00:00:00
cstm26-0299,Abigail Taylor,abigail.taylor@gmail.com,897 Oak Ave,New York,USA,2024-09-10 00:00:00
cstm26-0300,Mila Jackson,mila.jackson@gmail.com,147 King Blvd,Toronto,Canada,2024-11-04 00:00:00
cstm26-0301,Amelia Adams,amelia.adams@gmail.com,339 Oak Ave,Toronto,Canada,2023-09-21 00:00:00
cstm26-0302,Carter Roberts,carter.roberts@gmail.com,276 Queen Rd,Chicago,USA,2022-04-10 00:00:00
cstm26-0303,Daniel Flores,daniel.flores@gmail.com,716 Oak Ave,Dubai,UAE,2024-05-06 00:00:00
cstm26-0304,Liam Adams,liam.adams@gmail.com,198 King Blvd,Paris,France,2024-09-12 00:00:00
cstm26-0305,Ava Adams,ava.adams@gmail.com,229 Maple Dr,Toronto,Canada,2023-08-05 00:00:00
cstm26-0306,Jackson Wilson,jackson.wilson@gmail.com,12 King Blvd,Chicago,USA,2023-01-18 00:00:00
cstm26-0307,Noah Brown,noah.brown3@gmail.com,297 King Blvd,Los Angeles,USA,2023-04-03 00:00:00
cstm26-0308,Owen Jones,owen.jones@gmail.com,187 King Blvd,Mumbai,India,2024-07-10 00:00:00
cstm26-0309,Noah Jackson,noah.jackson@gmail.com,208 King Blvd,London,UK,2022-04-05 00:00:00
cstm26-0310,Logan Adams,logan.adams@gmail.com,103 Oak Ave,London,UK,2024-09-04 00:00:00
cstm26-0311,James Baker,james.baker@gmail.com,523 Oak Ave,Vancouver,Canada,2022-09-14 00:00:00
cstm26-0312,Logan White,logan.white@gmail.com,396 Oak Ave,Los Angeles,USA,2023-04-26 00:00:00
cstm26-0313,Zoey Smith,zoey.smith@gmail.com,691 Main St,London,UK,2024-10-02 00:00:00
cstm26-0314,Liam Phillips,liam.phillips@gmail.com,453 King Blvd,Houston,USA,2022-09-14 00:00:00
cstm26-0315,Elizabeth Garcia,elizabeth.garcia@gmail.com,669 Maple Dr,Berlin,Germany,2024-07-20 00:00:00
cstm26-0316,Michael Wright,michael.wright@gmail.com,224 Oak Ave,London,UK,2022-02-02 00:00:00
cstm26-0317,David Thompson,david.thompson@gmail.com,82 King Blvd,Vancouver,Canada,2023-07-14 00:00:00
cstm26-0318,Oliver Williams,oliver.williams@gmail.com,464 Oak Ave,Toronto,Canada,2022-06-15 00:00:00
cstm26-0319,Mia Carter,mia.carter2@gmail.com,649 Main St,Dubai,UAE,2023-07-21 00:00:00
cstm26-0320,Logan Perez,logan.perez@gmail.com,319 Maple Dr,Mumbai,India,2024-01-28 00:00:00
cstm26-0321,Penelope Smith,penelope.smith@gmail.com,827 Queen Rd,São Paulo,Brazil,2023-04-17 00:00:00
cstm26-0322,Maria Miller,maria.miller@gmail.com,35 Queen Rd,Tokyo,Japan,2023-03-07 00:00:00
cstm26-0323,Carter Harris,carter.harris@gmail.com,528 Queen Rd,Mumbai,India,2023-11-05 00:00:00
cstm26-0324,Owen Lee,owen.lee@gmail.com,396 King Blvd,Los Angeles,USA,2022-03-04 00:00:00
cstm26-0325,Noah Perez,noah.perez@gmail.com,193 Oak Ave,Toronto,Canada,2023-06-08 00:00:00
cstm26-0326,Zoey White,zoey.white@gmail.com,311 Queen Rd,Seoul,South Korea,2022-12-26 00:00:00
cstm26-0327,Charlotte Wright,charlotte.wright@gmail.com,447 King Blvd,Los Angeles,USA,2023-02-02 00:00:00
cstm26-0328,James King,james.king1@gmail.com,945 Oak Ave,Mumbai,India,2023-12-26 00:00:00
cstm26-0329,Sofia Anderson,sofia.anderson@gmail.com,40 Queen Rd,Berlin,Germany,2023-08-12 00:00:00
cstm26-0330,Chloe Martin,chloe.martin@gmail.com,219 Maple Dr,São Paulo,Brazil,2022-07-30 00:00:00
cstm26-0331,Isabella Garcia,isabella.garcia@gmail.com,51 Maple Dr,Dubai,UAE,2023-06-09 00:00:00
cstm26-0332,Sebastian Jones,sebastian.jones1@gmail.com,358 Main St,New York,USA,2023-07-11 00:00:00
cstm26-0333,Liam Hall,liam.hall1@gmail.com,956 Maple Dr,Mumbai,India,2022-11-30 00:00:00
cstm26-0334,Logan Davis,logan.davis@gmail.com,825 Maple Dr,Houston,USA,2022-03-07 00:00:00
cstm26-0335,Harper Wright,harper.wright@gmail.com,343 King Blvd,São Paulo,Brazil,2024-10-14 00:00:00
cstm26-0336,Alexander Allen,alexander.allen@gmail.com,136 Queen Rd,Houston,USA,2022-06-27 00:00:00
cstm26-0337,Sofia Phillips,sofia.phillips@gmail.com,8 King Blvd,London,UK,2023-10-08 00:00:00
cstm26-0338,Luna Anderson,luna.anderson@gmail.com,466 Main St,São Paulo,Brazil,2024-11-16 00:00:00
cstm26-0339,Maria Mitchell,maria.mitchell@gmail.com,146 Maple Dr,Vancouver,Canada,2022-07-31 00:00:00
cstm26-0340,Harper White,harper.white@gmail.com,795 Queen Rd,London,UK,2022-03-10 00:00:00
cstm26-0341,Noah Walker,noah.walker@gmail.com,270 Oak Ave,New York,USA,2024-01-27 00:00:00
cstm26-0342,Lucas Moore,lucas.moore@gmail.com,396 Queen Rd,Berlin,Germany,2024-03-18 00:00:00
cstm26-0343,Michael Anderson,michael.anderson@gmail.com,369 Maple Dr,São Paulo,Brazil,2023-07-31 00:00:00
cstm26-0344,Mila Wright,mila.wright@gmail.com,311 Queen Rd,Paris,France,2022-03-20 00:00:00
cstm26-0345,Emily Brown,emily.brown@gmail.com,442 King Blvd,New York,USA,2023-12-11 00:00:00
cstm26-0346,Elizabeth Nguyen,elizabeth.nguyen@gmail.com,250 Main St,Toronto,Canada,2023-05-31 00:00:00
cstm26-0347,Jack Jackson,jack.jackson@gmail.com,652 Main St,Toronto,Canada,2023-02-11 00:00:00
cstm26-0348,Isabella Flores,isabella.flores1@gmail.com,529 Main St,Seoul,South Korea,2023-01-29 00:00:00
cstm26-0349,Abigail Flores,abigail.flores@gmail.com,654 Queen Rd,New York,USA,2022-03-21 00:00:00
cstm26-0350,Mateo Baker,mateo.baker@gmail.com,321 King Blvd,Vancouver,Canada,2024-06-11 00:00:00
cstm26-0351,Nora Roberts,nora.roberts@gmail.com,359 King Blvd,Sydney,Australia,2023-09-17 00:00:00
cstm26-0352,David Nelson,david.nelson@gmail.com,526 King Blvd,Berlin,Germany,2024-07-01 00:00:00
cstm26-0353,Ava Roberts,ava.roberts@gmail.com,373 Maple Dr,Seoul,South Korea,2023-09-21 00:00:00
cstm26-0354,Zoey Thompson,zoey.thompson@gmail.com,367 Queen Rd,São Paulo,Brazil,2024-07-14 00:00:00
cstm26-0355,Layla Taylor,layla.taylor@gmail.com,970 Queen Rd,Vancouver,Canada,2022-06-30 00:00:00
cstm26-0356,Matthew Allen,matthew.allen@gmail.com,292 Queen Rd,Toronto,Canada,2024-12-12 00:00:00
cstm26-0357,Nora Perez,nora.perez@gmail.com,168 Maple Dr,Vancouver,Canada,2023-03-14 00:00:00
cstm26-0358,David Lee,david.lee@gmail.com,67 King Blvd,Toronto,Canada,2022-11-04 00:00:00
cstm26-0359,Mila Flores,mila.flores@gmail.com,229 King Blvd,Seoul,South Korea,2022-04-01 00:00:00
cstm26-0360,Samuel Taylor,samuel.taylor@gmail.com,15 Queen Rd,Chicago,USA,2023-04-14 00:00:00
cstm26-0361,Mila Nguyen,mila.nguyen@gmail.com,801 King Blvd,London,UK,2023-01-18 00:00:00
cstm26-0362,Elijah Nguyen,elijah.nguyen@gmail.com,383 Maple Dr,London,UK,2022-01-15 00:00:00
cstm26-0363,Lily Anderson,lily.anderson@gmail.com,164 King Blvd,Toronto,Canada,2022-08-12 00:00:00
cstm26-0364,Oliver Scott,oliver.scott@gmail.com,895 Oak Ave,Paris,France,2022-04-21 00:00:00
cstm26-0365,Ella Miller,ella.miller@gmail.com,350 Main St,Tokyo,Japan,2024-05-09 00:00:00
cstm26-0366,Joseph King,joseph.king@gmail.com,502 Queen Rd,Sydney,Australia,2024-06-30 00:00:00
cstm26-0367,Mia Martin,mia.martin@gmail.com,743 Queen Rd,Dubai,UAE,2024-04-10 00:00:00
cstm26-0368,Scarlett Brown,scarlett.brown@gmail.com,759 King Blvd,Toronto,Canada,2024-12-03 00:00:00
cstm26-0369,Elizabeth Harris,elizabeth.harris@gmail.com,165 King Blvd,Tokyo,Japan,2023-04-08 00:00:00
cstm26-0370,Penelope Walker,penelope.walker@gmail.com,223 Main St,Mumbai,India,2022-06-18 00:00:00
cstm26-0371,Wyatt Thompson,wyatt.thompson@gmail.com,600 Main St,Chicago,USA,2024-12-30 00:00:00
cstm26-0372,Carter Jones,carter.jones@gmail.com,783 Oak Ave,Sydney,Australia,2022-07-11 00:00:00
cstm26-0373,Mason King,mason.king@gmail.com,274 Maple Dr,Chicago,USA,2022-03-16 00:00:00
cstm26-0374,Oliver Moore,oliver.moore@gmail.com,475 Queen Rd,New York,USA,2023-10-05 00:00:00
cstm26-0375,Nora Wilson,nora.wilson1@gmail.com,692 Maple Dr,Sydney,Australia,2024-02-29 00:00:00
cstm26-0376,Chloe Jones,chloe.jones@gmail.com,537 Maple Dr,São Paulo,Brazil,2024-08-13 00:00:00
cstm26-0377,Harper Lee,harper.lee@gmail.com,296 Queen Rd,Sydney,Australia,2022-07-19 00:00:00
cstm26-0378,David Torres,david.torres@gmail.com,287 Queen Rd,Dubai,UAE,2022-03-02 00:00:00
cstm26-0379,Liam White,liam.white@gmail.com,560 Main St,Dubai,UAE,2023-09-28 00:00:00
cstm26-0380,Jack Hall,jack.hall@gmail.com,412 Main St,Seoul,South Korea,2022-06-28 00:00:00
cstm26-0381,Abigail Brown,abigail.brown@gmail.com,626 Main St,Houston,USA,2024-10-21 00:00:00
cstm26-0382,Ella Nelson,ella.nelson@gmail.com,461 Maple Dr,Chicago,USA,2022-05-30 00:00:00
cstm26-0383,Henry Lee,henry.lee@gmail.com,182 Oak Ave,New York,USA,2023-12-26 00:00:00
cstm26-0384,Mason Young,mason.young1@gmail.com,493 Queen Rd,Seoul,South Korea,2022-03-03 00:00:00
cstm26-0385,Mila Walker,mila.walker@gmail.com,486 Main St,Vancouver,Canada,2024-09-24 00:00:00
cstm26-0386,Joseph King,joseph.king1@gmail.com,338 Main St,London,UK,2022-02-13 00:00:00
cstm26-0387,Elizabeth Davis,elizabeth.davis@gmail.com,783 Oak Ave,Seoul,South Korea,2024-02-06 00:00:00
cstm26-0388,Chloe Harris,chloe.harris@gmail.com,138 Main St,Sydney,Australia,2024-03-03 00:00:00
cstm26-0389,David Jackson,david.jackson@gmail.com,938 Queen Rd,Tokyo,Japan,2024-12-27 00:00:00
cstm26-0390,Matthew Williams,matthew.williams@gmail.com,816 Queen Rd,Chicago,USA,2024-06-15 00:00:00
cstm26-0391,Abigail Miller,abigail.miller@gmail.com,478 Oak Ave,Paris,France,2023-01-26 00:00:00
cstm26-0392,Liam King,liam.king1@gmail.com,370 Main St,New York,USA,2024-12-30 00:00:00
cstm26-0393,Maria Phillips,maria.phillips@gmail.com,695 King Blvd,Tokyo,Japan,2022-09-11 00:00:00
cstm26-0394,Wyatt Hall,wyatt.hall@gmail.com,813 Maple Dr,Vancouver,Canada,2024-11-01 00:00:00
cstm26-0395,Mateo Perez,mateo.perez@gmail.com,611 Queen Rd,Paris,France,2023-04-04 00:00:00
cstm26-0396,David Moore,david.moore@gmail.com,173 Maple Dr,Seoul,South Korea,2024-12-22 00:00:00
cstm26-0397,Jack Garcia,jack.garcia@gmail.com,138 King Blvd,Dubai,UAE,2023-09-26 00:00:00
cstm26-0398,Charlotte Taylor,charlotte.taylor@gmail.com,514 King Blvd,London,UK,2023-11-25 00:00:00
cstm26-0399,Evelyn Roberts,evelyn.roberts1@gmail.com,819 King Blvd,Vancouver,Canada,2022-04-23 00:00:00
cstm26-0400,Sebastian Carter,sebastian.carter@gmail.com,500 Oak Ave,Tokyo,Japan,2023-02-25 00:00:00
cstm26-0401,Liam Nelson,liam.nelson@gmail.com,550 King Blvd,Seoul,South Korea,2022-08-07 00:00:00
cstm26-0402,Victoria Harris,victoria.harris@gmail.com,355 Maple Dr,London,UK,2022-04-06 00:00:00
cstm26-0403,Emily Walker,emily.walker@gmail.com,622 Queen Rd,London,UK,2023-01-20 00:00:00
cstm26-0404,Mila Moore,mila.moore@gmail.com,37 Main St,Houston,USA,2024-01-08 00:00:00
cstm26-0405,Mason Hill,mason.hill@gmail.com,890 King Blvd,Sydney,Australia,2023-03-15 00:00:00
cstm26-0406,Penelope Torres,penelope.torres@gmail.com,457 Maple Dr,São Paulo,Brazil,2024-09-23 00:00:00
cstm26-0407,Sebastian Scott,sebastian.scott@gmail.com,447 Queen Rd,Mumbai,India,2022-09-25 00:00:00
cstm26-0408,Nora Harris,nora.harris@gmail.com,864 Maple Dr,São Paulo,Brazil,2023-07-30 00:00:00
cstm26-0409,Matthew Nelson,matthew.nelson@gmail.com,526 Queen Rd,Vancouver,Canada,2022-01-04 00:00:00
cstm26-0410,Emily Martin,emily.martin@gmail.com,775 Queen Rd,Paris,France,2022-06-03 00:00:00
cstm26-0411,Harper Wright,harper.wright1@gmail.com,753 King Blvd,Seoul,South Korea,2022-10-01 00:00:00
cstm26-0412,Isabella Wright,isabella.wright@gmail.com,113 King Blvd,Vancouver,Canada,2024-07-04 00:00:00
cstm26-0413,Harper Flores,harper.flores1@gmail.com,660 Main St,Berlin,Germany,2024-05-04 00:00:00
cstm26-0414,Abigail Hall,abigail.hall@gmail.com,386 Main St,Los Angeles,USA,2024-10-20 00:00:00
cstm26-0415,Scarlett Baker,scarlett.baker@gmail.com,726 Maple Dr,Vancouver,Canada,2024-01-03 00:00:00
cstm26-0416,Charlotte Adams,charlotte.adams@gmail.com,877 King Blvd,Dubai,UAE,2023-06-03 00:00:00
cstm26-0417,Layla Young,layla.young@gmail.com,523 King Blvd,Tokyo,Japan,2024-11-20 00:00:00
cstm26-0418,Sebastian Taylor,sebastian.taylor1@gmail.com,519 Maple Dr,London,UK,2022-09-07 00:00:00
cstm26-0419,Jackson Martin,jackson.martin@gmail.com,176 Queen Rd,Chicago,USA,2022-05-08 00:00:00
cstm26-0420,Charlotte Turner,charlotte.turner1@gmail.com,939 Main St,Berlin,Germany,2023-01-11 00:00:00
cstm26-0421,Zoey Anderson,zoey.anderson@gmail.com,485 Queen Rd,Los Angeles,USA,2023-01-17 00:00:00
cstm26-0422,Wyatt Allen,wyatt.allen@gmail.com,344 Maple Dr,Los Angeles,USA,2023-07-25 00:00:00
cstm26-0423,Noah Taylor,noah.taylor1@gmail.com,429 Main St,Toronto,Canada,2024-07-13 00:00:00
cstm26-0424,Liam Johnson,liam.johnson@gmail.com,54 Maple Dr,Tokyo,Japan,2024-11-23 00:00:00
cstm26-0425,Zoey Perez,zoey.perez1@gmail.com,269 Oak Ave,Tokyo,Japan,2023-04-04 00:00:00
cstm26-0426,Jackson Garcia,jackson.garcia@gmail.com,43 Oak Ave,Vancouver,Canada,2022-11-02 00:00:00
cstm26-0427,Noah Williams,noah.williams1@gmail.com,524 King Blvd,New York,USA,2022-06-27 00:00:00
cstm26-0428,Isabella Perez,isabella.perez@gmail.com,704 Oak Ave,Dubai,UAE,2024-07-22 00:00:00
cstm26-0429,Ava Miller,ava.miller@gmail.com,873 Maple Dr,Paris,France,2022-04-09 00:00:00
cstm26-0430,Sofia Hill,sofia.hill@gmail.com,745 Maple Dr,Paris,France,2022-02-28 00:00:00
cstm26-0431,Sebastian Hill,sebastian.hill@gmail.com,575 Maple Dr,Chicago,USA,2024-05-18 00:00:00
cstm26-0432,Aiden Jackson,aiden.jackson@gmail.com,398 Queen Rd,Houston,USA,2022-11-23 00:00:00
cstm26-0433,Noah Carter,noah.carter@gmail.com,171 Oak Ave,Houston,USA,2024-03-25 00:00:00
cstm26-0434,Layla Harris,layla.harris@gmail.com,922 Maple Dr,Los Angeles,USA,2023-01-31 00:00:00
cstm26-0435,Layla Wright,layla.wright@gmail.com,630 Maple Dr,São Paulo,Brazil,2022-12-06 00:00:00
cstm26-0436,Emma Mitchell,emma.mitchell@gmail.com,216 Main St,Houston,USA,2022-10-26 00:00:00
cstm26-0437,Victoria Harris,victoria.harris1@gmail.com,107 King Blvd,Dubai,UAE,2024-02-07 00:00:00
cstm26-0438,Alexander Garcia,alexander.garcia@gmail.com,572 Main St,New York,USA,2023-05-19 00:00:00
cstm26-0439,Lucas Wilson,lucas.wilson@gmail.com,384 Main St,Berlin,Germany,2022-02-26 00:00:00
cstm26-0440,Ethan Young,ethan.young@gmail.com,612 Oak Ave,Los Angeles,USA,2023-01-13 00:00:00
cstm26-0441,Amelia Torres,amelia.torres@gmail.com,471 King Blvd,Seoul,South Korea,2024-09-21 00:00:00
cstm26-0442,Zoey Flores,zoey.flores@gmail.com,41 Oak Ave,Toronto,Canada,2022-05-08 00:00:00
cstm26-0443,Carter King,carter.king@gmail.com,603 King Blvd,Los Angeles,USA,2023-05-17 00:00:00
cstm26-0444,Evelyn Mitchell,evelyn.mitchell@gmail.com,831 Maple Dr,Los Angeles,USA,2024-11-29 00:00:00
cstm26-0445,Chloe Torres,chloe.torres2@gmail.com,268 Oak Ave,Tokyo,Japan,2023-02-10 00:00:00
cstm26-0446,Noah Thompson,noah.thompson@gmail.com,85 King Blvd,Paris,France,2023-07-16 00:00:00
cstm26-0447,Mateo Carter,mateo.carter@gmail.com,506 Oak Ave,Toronto,Canada,2023-04-29 00:00:00
cstm26-0448,Nora Williams,nora.williams@gmail.com,164 King Blvd,London,UK,2023-11-16 00:00:00
cstm26-0449,Lucas Brown,lucas.brown@gmail.com,631 Queen Rd,Dubai,UAE,2022-09-05 00:00:00
cstm26-0450,Matthew Thompson,matthew.thompson@gmail.com,122 Main St,Vancouver,Canada,2024-10-27 00:00:00
cstm26-0451,Matthew Harris,matthew.harris@gmail.com,175 Maple Dr,New York,USA,2024-11-18 00:00:00
cstm26-0452,Sofia Baker,sofia.baker@gmail.com,79 Main St,Tokyo,Japan,2024-08-22 00:00:00
cstm26-0453,Zoey Mitchell,zoey.mitchell@gmail.com,590 Oak Ave,London,UK,2023-08-02 00:00:00
cstm26-0454,Wyatt Wilson,wyatt.wilson@gmail.com,187 Maple Dr,Mumbai,India,2024-01-25 00:00:00
cstm26-0455,Henry Perez,henry.perez@gmail.com,166 Main St,Berlin,Germany,2024-03-09 00:00:00
cstm26-0456,Wyatt Davis,wyatt.davis@gmail.com,423 Maple Dr,Paris,France,2024-03-12 00:00:00
cstm26-0457,Evelyn Hill,evelyn.hill@gmail.com,286 Oak Ave,Toronto,Canada,2022-06-13 00:00:00
cstm26-0458,Elizabeth Nelson,elizabeth.nelson@gmail.com,345 King Blvd,Berlin,Germany,2022-04-04 00:00:00
cstm26-0459,David Nelson,david.nelson1@gmail.com,477 Main St,Toronto,Canada,2023-03-18 00:00:00
cstm26-0460,Sofia Davis,sofia.davis@gmail.com,785 Oak Ave,Tokyo,Japan,2024-12-23 00:00:00
cstm26-0461,Ava Hill,ava.hill1@gmail.com,928 Oak Ave,Dubai,UAE,2024-02-02 00:00:00
cstm26-0462,Carter Smith,carter.smith@gmail.com,483 Oak Ave,New York,USA,2024-12-01 00:00:00
cstm26-0463,Alexander Smith,alexander.smith@gmail.com,335 Maple Dr,Vancouver,Canada,2022-09-04 00:00:00
cstm26-0464,Michael Walker,michael.walker@gmail.com,46 Oak Ave,Seoul,South Korea,2022-10-10 00:00:00
cstm26-0465,Luna Jones,luna.jones@gmail.com,759 Oak Ave,Berlin,Germany,2024-08-20 00:00:00
cstm26-0466,Jackson Perez,jackson.perez@gmail.com,125 King Blvd,Houston,USA,2024-01-08 00:00:00
cstm26-0467,Noah Harris,noah.harris@gmail.com,916 Queen Rd,Chicago,USA,2024-09-05 00:00:00
cstm26-0468,Mila Baker,mila.baker@gmail.com,133 King Blvd,Sydney,Australia,2024-07-16 00:00:00
cstm26-0469,David Williams,david.williams@gmail.com,63 King Blvd,Chicago,USA,2023-08-15 00:00:00
cstm26-0470,Michael Walker,michael.walker1@gmail.com,927 King Blvd,São Paulo,Brazil,2023-08-04 00:00:00
cstm26-0471,Daniel Wilson,daniel.wilson@gmail.com,894 Maple Dr,Berlin,Germany,2022-12-05 00:00:00
cstm26-0472,Liam Hall,liam.hall2@gmail.com,425 Oak Ave,New York,USA,2024-03-30 00:00:00
cstm26-0473,Ethan King,ethan.king@gmail.com,548 Queen Rd,Toronto,Canada,2024-01-20 00:00:00
cstm26-0474,Penelope Flores,penelope.flores1@gmail.com,454 Main St,Paris,France,2023-06-27 00:00:00
cstm26-0475,James Moore,james.moore@gmail.com,80 Queen Rd,Sydney,Australia,2024-09-26 00:00:00
cstm26-0476,Logan Garcia,logan.garcia@gmail.com,186 Main St,Chicago,USA,2022-02-28 00:00:00
cstm26-0477,James Wright,james.wright@gmail.com,376 Maple Dr,São Paulo,Brazil,2024-07-16 00:00:00
cstm26-0478,Riley Moore,riley.moore@gmail.com,566 Main St,Berlin,Germany,2022-03-21 00:00:00
cstm26-0479,Henry Green,henry.green@gmail.com,566 Maple Dr,Los Angeles,USA,2022-06-14 00:00:00
cstm26-0480,Penelope Williams,penelope.williams@gmail.com,653 Queen Rd,Berlin,Germany,2022-08-14 00:00:00
cstm26-0481,Amelia White,amelia.white@gmail.com,595 Queen Rd,Dubai,UAE,2022-10-17 00:00:00
cstm26-0482,Henry Torres,henry.torres1@gmail.com,899 Queen Rd,Los Angeles,USA,2023-10-02 00:00:00
cstm26-0483,Lucas Turner,lucas.turner@gmail.com,989 Maple Dr,New York,USA,2022-07-03 00:00:00
cstm26-0484,Liam Thomas,liam.thomas@gmail.com,692 King Blvd,Seoul,South Korea,2024-04-30 00:00:00
cstm26-0485,Ethan Roberts,ethan.roberts@gmail.com,751 Maple Dr,Vancouver,Canada,2023-12-13 00:00:00
cstm26-0486,Penelope Anderson,penelope.anderson@gmail.com,432 Maple Dr,São Paulo,Brazil,2022-11-02 00:00:00
cstm26-0487,Sofia Nguyen,sofia.nguyen@gmail.com,155 King Blvd,Los Angeles,USA,2022-04-10 00:00:00
cstm26-0488,Jack Anderson,jack.anderson@gmail.com,593 Oak Ave,São Paulo,Brazil,2024-07-28 00:00:00
cstm26-0489,Mila Nelson,mila.nelson@gmail.com,322 Queen Rd,London,UK,2022-11-24 00:00:00
cstm26-0490,Mia Wright,mia.wright@gmail.com,764 Oak Ave,Houston,USA,2023-08-16 00:00:00
cstm26-0491,Noah Turner,noah.turner@gmail.com,732 Maple Dr,New York,USA,2022-03-19 00:00:00
cstm26-0492,Sebastian Hall,sebastian.hall1@gmail.com,191 Main St,London,UK,2024-08-05 00:00:00
cstm26-0493,David Phillips,david.phillips@gmail.com,545 Queen Rd,Houston,USA,2023-03-28 00:00:00
cstm26-0494,Liam Torres,liam.torres@gmail.com,453 Queen Rd,Berlin,Germany,2024-03-10 00:00:00
cstm26-0495,Ava Turner,ava.turner@gmail.com,194 Queen Rd,Toronto,Canada,2023-11-25 00:00:00
cstm26-0496,Carter Wilson,carter.wilson@gmail.com,280 Oak Ave,Sydney,Australia,2022-12-18 00:00:00
cstm26-0497,Logan Jackson,logan.jackson@gmail.com,988 Main St,Dubai,UAE,2024-12-11 00:00:00
cstm26-0498,Chloe Brown,chloe.brown@gmail.com,286 Maple Dr,São Paulo,Brazil,2024-08-03 00:00:00
cstm26-0499,Alexander Nelson,alexander.nelson1@gmail.com,899 Queen Rd,Chicago,USA,2023-02-11 00:00:00
cstm26-0500,Jackson Thomas,jackson.thomas@gmail.com,824 King Blvd,New York,USA,2023-08-20 00:00:00
